model,seed,train_seconds,train_mae,train_rmse,valid_mae,valid_rmse,valid_mape
hgb_shallow,42,2.277,83.29516363576164,582.9257735794895,127.5349383878672,648.9627692377584,0.05733277296121529
hgb_log_target,42,0.997,100.27149434268361,567.1087807115567,129.75355642456591,652.0645277933567,0.06004291914042643
hgb,42,4.827,80.4500296681076,582.3871199376747,131.53680192378772,649.5522728758503,0.05908355071674412
hgb_rpm,42,2.818,71.83504071991224,581.1383603330208,133.34668781819246,651.2653060219856,0.06432169290791086
ridge,42,0.756,133.1804273749977,588.7445892660553,163.56401640105318,652.8707956564099,0.09831229075305166
linreg_distance,42,0.417,199.45266314510062,615.6025163176146,192.7741904419588,668.2130277041988,0.10246491074429354
distance_median_rpm,42,0.412,260.78387320786146,654.3887191450032,253.84794914953068,695.0468801668737,0.11811969846073948
quote_x_distance,42,0.415,211.84782227063295,659.2421728611047,413.72240696950337,798.018535402139,0.20993705816168232
median,42,0.413,1127.4857313370571,1521.0128259451205,1146.7937069853701,1567.9704854490194,0.7251970849939616
